epoch,steps,accuracy_cosine
0.49122807017543857,28,0.07999999821186066
0.9824561403508771,56,0.15000000596046448
1.4736842105263157,84,0.1599999964237213
1.9649122807017543,112,0.07999999821186066
2.456140350877193,140,0.12999999523162842
2.9473684210526314,168,0.12999999523162842
3.0,171,0.12999999523162842
