epoch,steps,accuracy_cosine
0.4827586206896552,14,1.0
0.9655172413793104,28,0.9700000286102295
