{
  "bm25": {
    "label": "BM25 (lexical)",
    "overall": {
      "n": 500,
      "MRR@10": 0.9660222222222222,
      "nDCG@10": 0.972527918694483,
      "Recall@1": 0.948,
      "Recall@5": 0.988,
      "Recall@10": 0.992,
      "MRR@10_CI_95": [
        0.9524,
        0.9794
      ]
    },
    "per_language": {
      "go": {
        "n": 77,
        "MRR@10": 1.0,
        "nDCG@10": 1.0,
        "Recall@1": 1.0,
        "Recall@5": 1.0,
        "Recall@10": 1.0
      },
      "java": {
        "n": 83,
        "MRR@10": 0.8879518072289155,
        "nDCG@10": 0.9131385303965569,
        "Recall@1": 0.8192771084337349,
        "Recall@5": 0.9759036144578314,
        "Recall@10": 0.9879518072289156
      },
      "javascript": {
        "n": 92,
        "MRR@10": 0.9891304347826086,
        "nDCG@10": 0.9891304347826086,
        "Recall@1": 0.9891304347826086,
        "Recall@5": 0.9891304347826086,
        "Recall@10": 0.9891304347826086
      },
      "php": {
        "n": 86,
        "MRR@10": 0.9883720930232558,
        "nDCG@10": 0.9914169710132897,
        "Recall@1": 0.9767441860465116,
        "Recall@5": 1.0,
        "Recall@10": 1.0
      },
      "python": {
        "n": 83,
        "MRR@10": 0.9772423025435074,
        "nDCG@10": 0.9826854156964686,
        "Recall@1": 0.963855421686747,
        "Recall@5": 0.9879518072289156,
        "Recall@10": 1.0
      },
      "ruby": {
        "n": 79,
        "MRR@10": 0.9518987341772153,
        "nDCG@10": 0.957578636890854,
        "Recall@1": 0.9367088607594937,
        "Recall@5": 0.9746835443037974,
        "Recall@10": 0.9746835443037974
      }
    }
  },
  "base_untrained": {
    "label": "MiniLM-L12 (untrained)",
    "overall": {
      "n": 500,
      "MRR@10": 0.9156500000000001,
      "nDCG@10": 0.9290727282120016,
      "Recall@1": 0.884,
      "Recall@5": 0.96,
      "Recall@10": 0.97,
      "MRR@10_CI_95": [
        0.8934,
        0.9362
      ]
    },
    "per_language": {
      "go": {
        "n": 77,
        "MRR@10": 0.9935064935064936,
        "nDCG@10": 0.9952068799165124,
        "Recall@1": 0.987012987012987,
        "Recall@5": 1.0,
        "Recall@10": 1.0
      },
      "java": {
        "n": 83,
        "MRR@10": 0.7514056224899598,
        "nDCG@10": 0.7888749660433909,
        "Recall@1": 0.6746987951807228,
        "Recall@5": 0.8795180722891566,
        "Recall@10": 0.9036144578313253
      },
      "javascript": {
        "n": 92,
        "MRR@10": 0.9478260869565218,
        "nDCG@10": 0.9527033947214941,
        "Recall@1": 0.9347826086956522,
        "Recall@5": 0.967391304347826,
        "Recall@10": 0.967391304347826
      },
      "php": {
        "n": 86,
        "MRR@10": 0.9044573643410853,
        "nDCG@10": 0.9193782071294225,
        "Recall@1": 0.872093023255814,
        "Recall@5": 0.9534883720930233,
        "Recall@10": 0.9651162790697675
      },
      "python": {
        "n": 83,
        "MRR@10": 0.9545180722891565,
        "nDCG@10": 0.9654005869564994,
        "Recall@1": 0.927710843373494,
        "Recall@5": 0.9759036144578314,
        "Recall@10": 1.0
      },
      "ruby": {
        "n": 79,
        "MRR@10": 0.9462025316455697,
        "nDCG@10": 0.9567762699484896,
        "Recall@1": 0.9113924050632911,
        "Recall@5": 0.9873417721518988,
        "Recall@10": 0.9873417721518988
      }
    }
  },
  "v6": {
    "label": "V6 (12-layer, MNRL)",
    "overall": {
      "n": 500,
      "MRR@10": 0.9153444444444444,
      "nDCG@10": 0.9286613527016495,
      "Recall@1": 0.886,
      "Recall@5": 0.954,
      "Recall@10": 0.97,
      "MRR@10_CI_95": [
        0.893,
        0.9364
      ]
    },
    "per_language": {
      "go": {
        "n": 77,
        "MRR@10": 0.9837662337662337,
        "nDCG@10": 0.9878130689824006,
        "Recall@1": 0.974025974025974,
        "Recall@5": 1.0,
        "Recall@10": 1.0
      },
      "java": {
        "n": 83,
        "MRR@10": 0.7844712182061578,
        "nDCG@10": 0.8186641658118269,
        "Recall@1": 0.7228915662650602,
        "Recall@5": 0.8795180722891566,
        "Recall@10": 0.927710843373494
      },
      "javascript": {
        "n": 92,
        "MRR@10": 0.9214975845410628,
        "nDCG@10": 0.9327378907677096,
        "Recall@1": 0.8913043478260869,
        "Recall@5": 0.9456521739130435,
        "Recall@10": 0.967391304347826
      },
      "php": {
        "n": 86,
        "MRR@10": 0.9015503875968992,
        "nDCG@10": 0.9170496816003753,
        "Recall@1": 0.872093023255814,
        "Recall@5": 0.9534883720930233,
        "Recall@10": 0.9651162790697675
      },
      "python": {
        "n": 83,
        "MRR@10": 0.9417670682730922,
        "nDCG@10": 0.9503605566432994,
        "Recall@1": 0.9156626506024096,
        "Recall@5": 0.963855421686747,
        "Recall@10": 0.9759036144578314
      },
      "ruby": {
        "n": 79,
        "MRR@10": 0.9662447257383966,
        "nDCG@10": 0.9716691076853533,
        "Recall@1": 0.9493670886075949,
        "Recall@5": 0.9873417721518988,
        "Recall@10": 0.9873417721518988
      }
    }
  },
  "v7": {
    "label": "V7 (3-layer, docstring+MNRL)",
    "overall": {
      "n": 500,
      "MRR@10": 0.9533357142857142,
      "nDCG@10": 0.9647855475629294,
      "Recall@1": 0.926,
      "Recall@5": 0.986,
      "Recall@10": 1.0,
      "MRR@10_CI_95": [
        0.9369,
        0.9673
      ]
    },
    "per_language": {
      "go": {
        "n": 77,
        "MRR@10": 0.9935064935064936,
        "nDCG@10": 0.9952068799165124,
        "Recall@1": 0.987012987012987,
        "Recall@5": 1.0,
        "Recall@10": 1.0
      },
      "java": {
        "n": 83,
        "MRR@10": 0.8319420539300056,
        "nDCG@10": 0.8727852510590575,
        "Recall@1": 0.7349397590361446,
        "Recall@5": 0.927710843373494,
        "Recall@10": 1.0
      },
      "javascript": {
        "n": 92,
        "MRR@10": 0.9918478260869565,
        "nDCG@10": 0.9938117017181891,
        "Recall@1": 0.9891304347826086,
        "Recall@5": 1.0,
        "Recall@10": 1.0
      },
      "php": {
        "n": 86,
        "MRR@10": 0.9393410852713178,
        "nDCG@10": 0.9542619280596552,
        "Recall@1": 0.9069767441860465,
        "Recall@5": 0.9883720930232558,
        "Recall@10": 1.0
      },
      "python": {
        "n": 83,
        "MRR@10": 0.9879518072289156,
        "nDCG@10": 0.9911067410499147,
        "Recall@1": 0.9759036144578314,
        "Recall@5": 1.0,
        "Recall@10": 1.0
      },
      "ruby": {
        "n": 79,
        "MRR@10": 0.9757383966244725,
        "nDCG@10": 0.9817924849575298,
        "Recall@1": 0.9620253164556962,
        "Recall@5": 1.0,
        "Recall@10": 1.0
      }
    }
  },
  "compressed_3layer": {
    "label": "3-layer compressed (V6)",
    "overall": {
      "n": 500,
      "MRR@10": 0.8889404761904761,
      "nDCG@10": 0.9076274215956724,
      "Recall@1": 0.84,
      "Recall@5": 0.948,
      "Recall@10": 0.964,
      "MRR@10_CI_95": [
        0.8647,
        0.9113
      ]
    },
    "per_language": {
      "go": {
        "n": 77,
        "MRR@10": 0.9805194805194806,
        "nDCG@10": 0.9856206397495374,
        "Recall@1": 0.961038961038961,
        "Recall@5": 1.0,
        "Recall@10": 1.0
      },
      "java": {
        "n": 83,
        "MRR@10": 0.6677710843373493,
        "nDCG@10": 0.7140630939413246,
        "Recall@1": 0.5542168674698795,
        "Recall@5": 0.8072289156626506,
        "Recall@10": 0.8554216867469879
      },
      "javascript": {
        "n": 92,
        "MRR@10": 0.9347826086956522,
        "nDCG@10": 0.9404752066770199,
        "Recall@1": 0.9130434782608695,
        "Recall@5": 0.9565217391304348,
        "Recall@10": 0.9565217391304348
      },
      "php": {
        "n": 86,
        "MRR@10": 0.9225913621262457,
        "nDCG@10": 0.9415619595049887,
        "Recall@1": 0.8837209302325582,
        "Recall@5": 0.9883720930232558,
        "Recall@10": 1.0
      },